Country Name,Country Code,Indicator Name,Indicator Code,1960,1961,1962,1963,1964,1965,1966,1967,1968,1969,1970,1971,1972,1973,1974,1975,1976,1977,1978,1979,1980,1981,1982,1983,1984,1985,1986,1987,1988,1989,1990,1991,1992,1993,1994,1995,1996,1997,1998,1999,2000,2001,2002,2003,2004,2005,2006,2007,2008,2009,2010,2011,2012,2013,2014,2015,2016,2017,2018,2019
Aruba,ABW,Statistical Capacity score (Overall average),IQ.SCI.OVRL,,,,,,,,,,,,,,,,,,,,,,,,,,,,,,,,,,,,,,,,,,,,,,,,,,,,,,,,,,,,
Afghanistan,AFG,Statistical Capacity score (Overall average),IQ.SCI.OVRL,,,,,,,,,,,,,,,,,,,,,,,,,,,,,,,,,,,,,,,,,,,,,24.44444444,31.11111111,32.22222222,34.44444444,45.55555556,46.66666667,52.22222222,51.11111111,50,53.33333333,54.44444444,51.1111,51.1111,51.1111,50,
Angola,AGO,Statistical Capacity score (Overall average),IQ.SCI.OVRL,,,,,,,,,,,,,,,,,,,,,,,,,,,,,,,,,,,,,,,,,,,,,41.11111111,45.55555556,45.55555556,42.22222222,42.22222222,45.55555556,45.55555556,47.77777778,50,47.77777778,48.88888889,47.77776667,42.22216667,45.5555,52.22223333,
Albania,ALB,Statistical Capacity score (Overall average),IQ.SCI.OVRL,,,,,,,,,,,,,,,,,,,,,,,,,,,,,,,,,,,,,,,,,,,,,76.66666667,77.77777778,81.11111111,80,76.66666667,77.77777778,70,70,73.33333333,68.88888889,75.55555556,72.22223333,82.22223333,88.8889,88.8889,
Andorra,AND,Statistical Capacity score (Overall average),IQ.SCI.OVRL,,,,,,,,,,,,,,,,,,,,,,,,,,,,,,,,,,,,,,,,,,,,,,,,,,,,,,,,,,,,
Arab World,ARB,Statistical Capacity score (Overall average),IQ.SCI.OVRL,,,,,,,,,,,,,,,,,,,,,,,,,,,,,,,,,,,,,,,,,,,,,,,,,,,,,,,,,,,,
United Arab Emirates,ARE,Statistical Capacity score (Overall average),IQ.SCI.OVRL,,,,,,,,,,,,,,,,,,,,,,,,,,,,,,,,,,,,,,,,,,,,,,,,,,,,,,,,,,,,
Argentina,ARG,Statistical Capacity score (Overall average),IQ.SCI.OVRL,,,,,,,,,,,,,,,,,,,,,,,,,,,,,,,,,,,,,,,,,,,,,92.22222222,88.88888889,88.88888889,85.55555556,86.66666667,87.77777778,86.66666667,85.55555556,85.55555556,76.66666667,83.33333333,95.55556667,88.8889,85.55556667,78.8889,
Armenia,ARM,Statistical Capacity score (Overall average),IQ.SCI.OVRL,,,,,,,,,,,,,,,,,,,,,,,,,,,,,,,,,,,,,,,,,,,,,77.77777778,84.44444444,86.66666667,90,92.22222222,93.33333333,92.22222222,92.22222222,86.66666667,88.88888889,87.77777778,93.33333333,92.22223333,91.1111,94.44443333,
American Samoa,ASM,Statistical Capacity score (Overall average),IQ.SCI.OVRL,,,,,,,,,,,,,,,,,,,,,,,,,,,,,,,,,,,,,,,,,,,,,,,,,,,,,,,,,,,,
Antigua and Barbuda,ATG,Statistical Capacity score (Overall average),IQ.SCI.OVRL,,,,,,,,,,,,,,,,,,,,,,,,,,,,,,,,,,,,,,,,,,,,,,36.66666667,36.66666667,36.66666667,46.66666667,44.44444444,42.22222222,46.66666667,51.11111111,55.55555556,58.88888889,57.7778,57.7778,54.44446667,50,
Australia,AUS,Statistical Capacity score (Overall average),IQ.SCI.OVRL,,,,,,,,,,,,,,,,,,,,,,,,,,,,,,,,,,,,,,,,,,,,,,,,,,,,,,,,,,,,
Austria,AUT,Statistical Capacity score (Overall average),IQ.SCI.OVRL,,,,,,,,,,,,,,,,,,,,,,,,,,,,,,,,,,,,,,,,,,,,,,,,,,,,,,,,,,,,
Azerbaijan,AZE,Statistical Capacity score (Overall average),IQ.SCI.OVRL,,,,,,,,,,,,,,,,,,,,,,,,,,,,,,,,,,,,,,,,,,,,,76.66666667,78.88888889,78.88888889,78.88888889,78.88888889,78.88888889,78.88888889,76.66666667,74.44444444,74.44444444,70,67.7778,75.55556667,82.22223333,81.1111,
Burundi,BDI,Statistical Capacity score (Overall average),IQ.SCI.OVRL,,,,,,,,,,,,,,,,,,,,,,,,,,,,,,,,,,,,,,,,,,,,,43.33333333,45.55555556,44.44444444,48.88888889,48.88888889,61.11111111,54.44444444,54.44444444,52.22222222,57.77777778,54.44444444,55.55556667,62.22223333,63.33336667,56.6667,
Belgium,BEL,Statistical Capacity score (Overall average),IQ.SCI.OVRL,,,,,,,,,,,,,,,,,,,,,,,,,,,,,,,,,,,,,,,,,,,,,,,,,,,,,,,,,,,,
Benin,BEN,Statistical Capacity score (Overall average),IQ.SCI.OVRL,,,,,,,,,,,,,,,,,,,,,,,,,,,,,,,,,,,,,,,,,,,,,53.33333333,56.66666667,54.44444444,57.77777778,56.66666667,56.66666667,55.55555556,58.88888889,57.77777778,66.66666667,65.55555556,66.66666667,73.33336667,73.33336667,75.5556,
Burkina Faso,BFA,Statistical Capacity score (Overall average),IQ.SCI.OVRL,,,,,,,,,,,,,,,,,,,,,,,,,,,,,,,,,,,,,,,,,,,,,67.77777778,66.66666667,66.66666667,64.44444444,63.33333333,60,62.22222222,65.55555556,71.11111111,70,71.11111111,67.7778,74.44446667,73.33336667,75.55556667,
Bangladesh,BGD,Statistical Capacity score (Overall average),IQ.SCI.OVRL,,,,,,,,,,,,,,,,,,,,,,,,,,,,,,,,,,,,,,,,,,,,,70,72.22222222,75.55555556,75.55555556,66.66666667,65.55555556,68.88888889,68.88888889,65.55555556,65.55555556,80,76.6667,74.44443333,70.00003333,72.22223333,
Bulgaria,BGR,Statistical Capacity score (Overall average),IQ.SCI.OVRL,,,,,,,,,,,,,,,,,,,,,,,,,,,,,,,,,,,,,,,,,,,,,86.66666667,86.66666667,93.33333333,93.33333333,94.44444444,91.11111111,91.11111111,91.11111111,91.11111111,85.55555556,84.44444444,84.44443333,84.44443333,87.77776667,86.66666667,
Bahrain,BHR,Statistical Capacity score (Overall average),IQ.SCI.OVRL,,,,,,,,,,,,,,,,,,,,,,,,,,,,,,,,,,,,,,,,,,,,,,,,,,,,,,,,,,,,
"Bahamas, The",BHS,Statistical Capacity score (Overall average),IQ.SCI.OVRL,,,,,,,,,,,,,,,,,,,,,,,,,,,,,,,,,,,,,,,,,,,,,,,,,,,,,,,,,,,,
Bosnia and Herzegovina,BIH,Statistical Capacity score (Overall average),IQ.SCI.OVRL,,,,,,,,,,,,,,,,,,,,,,,,,,,,,,,,,,,,,,,,,,,,,50,52.22222222,55.55555556,55.55555556,56.66666667,57.77777778,62.22222222,67.77777778,68.88888889,68.88888889,72.22222222,67.7778,72.22226667,65.55556667,68.8889,
Belarus,BLR,Statistical Capacity score (Overall average),IQ.SCI.OVRL,,,,,,,,,,,,,,,,,,,,,,,,,,,,,,,,,,,,,,,,,,,,,80,83.33333333,80,83.33333333,83.33333333,84.44444444,85.55555556,85.55555556,86.66666667,86.66666667,87.77777778,87.77776667,87.77776667,87.77776667,84.44443333,
Belize,BLZ,Statistical Capacity score (Overall average),IQ.SCI.OVRL,,,,,,,,,,,,,,,,,,,,,,,,,,,,,,,,,,,,,,,,,,,,,,66.66666667,65.55555556,62.22222222,61.11111111,62.22222222,61.11111111,56.66666667,58.88888889,57.77777778,55.55555556,54.44446667,62.22223333,62.22223333,66.66666667,
Bermuda,BMU,Statistical Capacity score (Overall average),IQ.SCI.OVRL,,,,,,,,,,,,,,,,,,,,,,,,,,,,,,,,,,,,,,,,,,,,,,,,,,,,,,,,,,,,
Bolivia,BOL,Statistical Capacity score (Overall average),IQ.SCI.OVRL,,,,,,,,,,,,,,,,,,,,,,,,,,,,,,,,,,,,,,,,,,,,,68.88888889,70,67.77777778,67.77777778,66.66666667,70,66.66666667,70,67.77777778,72.22222222,76.66666667,78.8889,68.8889,67.77776667,70,
Brazil,BRA,Statistical Capacity score (Overall average),IQ.SCI.OVRL,,,,,,,,,,,,,,,,,,,,,,,,,,,,,,,,,,,,,,,,,,,,,83.33333333,86.66666667,90,91.11111111,86.66666667,86.66666667,83.33333333,84.44444444,78.88888889,75.55555556,75.55555556,72.22223333,76.66666667,74.44443333,80,
Barbados,BRB,Statistical Capacity score (Overall average),IQ.SCI.OVRL,,,,,,,,,,,,,,,,,,,,,,,,,,,,,,,,,,,,,,,,,,,,,,,,,,,,,,,,,,,,
Brunei Darussalam,BRN,Statistical Capacity score (Overall average),IQ.SCI.OVRL,,,,,,,,,,,,,,,,,,,,,,,,,,,,,,,,,,,,,,,,,,,,,,,,,,,,,,,,,,,,
Bhutan,BTN,Statistical Capacity score (Overall average),IQ.SCI.OVRL,,,,,,,,,,,,,,,,,,,,,,,,,,,,,,,,,,,,,,,,,,,,,,57.77777778,62.22222222,57.77777778,63.33333333,73.33333333,75.55555556,77.77777778,74.44444444,75.55555556,78.88888889,68.8889,68.8889,65.5556,60.00003333,
Botswana,BWA,Statistical Capacity score (Overall average),IQ.SCI.OVRL,,,,,,,,,,,,,,,,,,,,,,,,,,,,,,,,,,,,,,,,,,,,,72.22222222,72.22222222,62.22222222,62.22222222,64.44444444,61.11111111,60,63.33333333,63.33333333,54.44444444,51.11111111,45.55553333,42.22216667,49.99996667,54.44443333,
Central African Republic,CAF,Statistical Capacity score (Overall average),IQ.SCI.OVRL,,,,,,,,,,,,,,,,,,,,,,,,,,,,,,,,,,,,,,,,,,,,,40,43.33333333,43.33333333,44.44444444,47.77777778,52.22222222,55.55555556,56.66666667,57.77777778,57.77777778,58.88888889,52.22226667,41.11113333,38.88886667,35.55553333,
Canada,CAN,Statistical Capacity score (Overall average),IQ.SCI.OVRL,,,,,,,,,,,,,,,,,,,,,,,,,,,,,,,,,,,,,,,,,,,,,,,,,,,,,,,,,,,,
Central Europe and the Baltics,CEB,Statistical Capacity score (Overall average),IQ.SCI.OVRL,,,,,,,,,,,,,,,,,,,,,,,,,,,,,,,,,,,,,,,,,,,,,,,,,,,,,,,,,,,,
Switzerland,CHE,Statistical Capacity score (Overall average),IQ.SCI.OVRL,,,,,,,,,,,,,,,,,,,,,,,,,,,,,,,,,,,,,,,,,,,,,,,,,,,,,,,,,,,,
Channel Islands,CHI,Statistical Capacity score (Overall average),IQ.SCI.OVRL,,,,,,,,,,,,,,,,,,,,,,,,,,,,,,,,,,,,,,,,,,,,,,,,,,,,,,,,,,,,
Chile,CHL,Statistical Capacity score (Overall average),IQ.SCI.OVRL,,,,,,,,,,,,,,,,,,,,,,,,,,,,,,,,,,,,,,,,,,,,,91.11111111,91.11111111,91.11111111,94.44444444,92.22222222,92.22222222,94.44444444,94.44444444,94.44444444,95.55555556,95.55555556,95.55556667,95.55556667,93.33333333,90,
China,CHN,Statistical Capacity score (Overall average),IQ.SCI.OVRL,,,,,,,,,,,,,,,,,,,,,,,,,,,,,,,,,,,,,,,,,,,,,64.44444444,64.44444444,57.77777778,61.11111111,61.11111111,62.22222222,65.55555667,68.88888889,70,70,70,70,80,78.8889,77.77776667,
Cote d'Ivoire,CIV,Statistical Capacity score (Overall average),IQ.SCI.OVRL,,,,,,,,,,,,,,,,,,,,,,,,,,,,,,,,,,,,,,,,,,,,,80,80,75.55555556,71.11111111,63.33333333,61.11111111,58.88888889,67.77777778,63.33333333,56.66666667,46.66666667,58.8889,67.77776667,66.66666667,70.00003333,
Cameroon,CMR,Statistical Capacity score (Overall average),IQ.SCI.OVRL,,,,,,,,,,,,,,,,,,,,,,,,,,,,,,,,,,,,,,,,,,,,,51.11111111,50,63.33333333,63.33333333,66.66666667,63.33333333,66.66666667,64.44444444,60,56.66666667,56.66666667,55.55556667,68.8889,70.00003333,60.00003333,
"Congo, Dem. Rep.",COD,Statistical Capacity score (Overall average),IQ.SCI.OVRL,,,,,,,,,,,,,,,,,,,,,,,,,,,,,,,,,,,,,,,,,,,,,32.22222222,41.11111111,37.77777778,37.77777778,37.77777778,34.44444444,35.55555556,43.33333333,43.33333333,50,56.66666667,57.77776667,51.11113333,46.6667,52.22223333,
"Congo, Rep.",COG,Statistical Capacity score (Overall average),IQ.SCI.OVRL,,,,,,,,,,,,,,,,,,,,,,,,,,,,,,,,,,,,,,,,,,,,,42.22222222,44.44444444,51.11111111,52.22222222,48.88888889,54.44444444,54.44444444,50,50,52.22222222,47.77777778,50.00003333,50.00003333,48.8889,55.55556667,
Colombia,COL,Statistical Capacity score (Overall average),IQ.SCI.OVRL,,,,,,,,,,,,,,,,,,,,,,,,,,,,,,,,,,,,,,,,,,,,,86.66666667,78.88888889,75.55555556,85.55555556,82.22222222,85.55555556,84.44444444,84.44444444,84.44444444,81.11111111,81.11111111,84.44443333,88.8889,88.8889,82.22223333,
Comoros,COM,Statistical Capacity score (Overall average),IQ.SCI.OVRL,,,,,,,,,,,,,,,,,,,,,,,,,,,,,,,,,,,,,,,,,,,,,,56.66666667,55.55555556,55.55555556,56.66666667,53.33333333,50,50,41.11111111,43.33333333,40,42.22216667,34.4444,29.99996667,35.5555,
Cabo Verde,CPV,Statistical Capacity score (Overall average),IQ.SCI.OVRL,,,,,,,,,,,,,,,,,,,,,,,,,,,,,,,,,,,,,,,,,,,,,,68.88888889,73.33333333,74.44444444,73.33333333,70,73.33333333,70,68.88888889,65.55555556,68.88888889,66.66666667,68.88886667,67.77776667,71.1111,
Costa Rica,CRI,Statistical Capacity score (Overall average),IQ.SCI.OVRL,,,,,,,,,,,,,,,,,,,,,,,,,,,,,,,,,,,,,,,,,,,,,82.22222222,75.55555556,78.88888889,77.77777778,76.66666667,76.66666667,76.66666667,76.66666667,77.77777778,77.77777778,77.77777778,84.44443333,84.44443333,87.77776667,87.77776667,
Caribbean small states,CSS,Statistical Capacity score (Overall average),IQ.SCI.OVRL,,,,,,,,,,,,,,,,,,,,,,,,,,,,,,,,,,,,,,,,,,,,,70,74.44444333,75,76.11111167,73.33333333,69.44444333,72.77777667,76.11111,73.33333333,74.44444444,70.55555556,67.22223333,69.44443333,58.88888333,57.22221667,
Cuba,CUB,Statistical Capacity score (Overall average),IQ.SCI.OVRL,,,,,,,,,,,,,,,,,,,,,,,,,,,,,,,,,,,,,,,,,,,,,,,,,,,,,,,,,,,,
Curacao,CUW,Statistical Capacity score (Overall average),IQ.SCI.OVRL,,,,,,,,,,,,,,,,,,,,,,,,,,,,,,,,,,,,,,,,,,,,,,,,,,,,,,,,,,,,
Cayman Islands,CYM,Statistical Capacity score (Overall average),IQ.SCI.OVRL,,,,,,,,,,,,,,,,,,,,,,,,,,,,,,,,,,,,,,,,,,,,,,,,,,,,,,,,,,,,
Cyprus,CYP,Statistical Capacity score (Overall average),IQ.SCI.OVRL,,,,,,,,,,,,,,,,,,,,,,,,,,,,,,,,,,,,,,,,,,,,,,,,,,,,,,,,,,,,
Czech Republic,CZE,Statistical Capacity score (Overall average),IQ.SCI.OVRL,,,,,,,,,,,,,,,,,,,,,,,,,,,,,,,,,,,,,,,,,,,,,,,,,,,,,,,,,,,,
Germany,DEU,Statistical Capacity score (Overall average),IQ.SCI.OVRL,,,,,,,,,,,,,,,,,,,,,,,,,,,,,,,,,,,,,,,,,,,,,,,,,,,,,,,,,,,,
Djibouti,DJI,Statistical Capacity score (Overall average),IQ.SCI.OVRL,,,,,,,,,,,,,,,,,,,,,,,,,,,,,,,,,,,,,,,,,,,,,,50,52.22222222,43.33333333,40,40,44.44444444,44.44444444,46.66666667,46.66666667,45.55555556,46.66666667,53.33336667,54.4445,60.00003333,
Dominica,DMA,Statistical Capacity score (Overall average),IQ.SCI.OVRL,,,,,,,,,,,,,,,,,,,,,,,,,,,,,,,,,,,,,,,,,,,,,,60,60,53.33333333,53.33333333,53.33333333,46.66666667,50,53.33333333,50,55.55555556,52.22223333,57.77776667,57.77776667,59.44443333,
Denmark,DNK,Statistical Capacity score (Overall average),IQ.SCI.OVRL,,,,,,,,,,,,,,,,,,,,,,,,,,,,,,,,,,,,,,,,,,,,,,,,,,,,,,,,,,,,
Dominican Republic,DOM,Statistical Capacity score (Overall average),IQ.SCI.OVRL,,,,,,,,,,,,,,,,,,,,,,,,,,,,,,,,,,,,,,,,,,,,,71.11111111,70,64.44444444,66.66666667,67.77777778,67.77777778,67.77777778,67.77777778,67.77777778,75.55555556,78.88888889,78.8889,83.33333333,83.33333333,80,
Algeria,DZA,Statistical Capacity score (Overall average),IQ.SCI.OVRL,,,,,,,,,,,,,,,,,,,,,,,,,,,,,,,,,,,,,,,,,,,,,54.44444444,63.33333333,63.33333333,60,58.88888889,57.77777778,58.88888889,62.22222222,58.88888889,51.11111111,52.22222222,53.33336667,55.55556667,61.1111,56.66666667,
East Asia & Pacific (excluding high income),EAP,Statistical Capacity score (Overall average),IQ.SCI.OVRL,,,,,,,,,,,,,,,,,,,,,,,,,,,,,,,,,,,,,,,,,,,,,70.3030303,72.32323242,69.25925944,69.62962944,70.0925925,69.35185222,69.35185194,69.16666667,67.40740722,68.88888889,71.38888889,72.03703889,73.33333056,73.70369722,77.49999722,
Early-demographic dividend,EAR,Statistical Capacity score (Overall average),IQ.SCI.OVRL,,,,,,,,,,,,,,,,,,,,,,,,,,,,,,,,,,,,,,,,,,,,,67.50617289,69.23456793,68.66666667,68.71604948,68.93827141,68.47826065,68.41787457,68.35748797,67.19806775,66.71497585,68.42995169,69.00967246,67.34300217,67.41546304,69.17874783,
East Asia & Pacific,EAS,Statistical Capacity score (Overall average),IQ.SCI.OVRL,,,,,,,,,,,,,,,,,,,,,,,,,,,,,,,,,,,,,,,,,,,,,,,,,,,,,,,,,,,,
Europe & Central Asia (excluding high income),ECA,Statistical Capacity score (Overall average),IQ.SCI.OVRL,,,,,,,,,,,,,,,,,,,,,,,,,,,,,,,,,,,,,,,,,,,,,74.32748538,77.89461971,78.01163737,79.0642107,80.35076018,80.46771901,80.46771953,80.93567281,80.93567222,78.11111111,78.06111111,77.277785,77.77778333,78.888895,77.86111833,
Europe & Central Asia,ECS,Statistical Capacity score (Overall average),IQ.SCI.OVRL,,,,,,,,,,,,,,,,,,,,,,,,,,,,,,,,,,,,,,,,,,,,,,,,,,,,,,,,,,,,
Ecuador,ECU,Statistical Capacity score (Overall average),IQ.SCI.OVRL,,,,,,,,,,,,,,,,,,,,,,,,,,,,,,,,,,,,,,,,,,,,,82.22222222,86.66666667,86.66666667,86.66666667,84.44444444,84.44444444,82.22222222,82.22222222,71.11111111,70,70,72.22226667,71.11113333,68.8889,70,
"Egypt, Arab Rep.",EGY,Statistical Capacity score (Overall average),IQ.SCI.OVRL,,,,,,,,,,,,,,,,,,,,,,,,,,,,,,,,,,,,,,,,,,,,,77.77777778,87.77777778,91.11111111,87.77777778,86.66666667,87.77777778,85.55555556,88.88888889,86.66666667,90,90,91.11113333,87.77776667,83.33333333,90,
Euro area,EMU,Statistical Capacity score (Overall average),IQ.SCI.OVRL,,,,,,,,,,,,,,,,,,,,,,,,,,,,,,,,,,,,,,,,,,,,,,,,,,,,,,,,,,,,
Eritrea,ERI,Statistical Capacity score (Overall average),IQ.SCI.OVRL,,,,,,,,,,,,,,,,,,,,,,,,,,,,,,,,,,,,,,,,,,,,,37.77777778,40,42.22222222,37.77777778,37.77777778,32.22222222,32.22222222,32.22222222,32.22222222,31.11111111,31.11111111,27.7778,28.8889,28.88886667,31.1111,
Spain,ESP,Statistical Capacity score (Overall average),IQ.SCI.OVRL,,,,,,,,,,,,,,,,,,,,,,,,,,,,,,,,,,,,,,,,,,,,,,,,,,,,,,,,,,,,
Estonia,EST,Statistical Capacity score (Overall average),IQ.SCI.OVRL,,,,,,,,,,,,,,,,,,,,,,,,,,,,,,,,,,,,,,,,,,,,,,,,,,,,,,,,,77.7778,50,54.44446667,
Ethiopia,ETH,Statistical Capacity score (Overall average),IQ.SCI.OVRL,,,,,,,,,,,,,,,,,,,,,,,,,,,,,,,,,,,,,,,,,,,,,66.66666667,67.77777778,64.44444444,67.77777778,78.88888889,80,80,73.33333333,65.55555556,66.66666667,61.11111111,68.8889,70.00003333,70.00003333,72.22223333,
European Union,EUU,Statistical Capacity score (Overall average),IQ.SCI.OVRL,,,,,,,,,,,,,,,,,,,,,,,,,,,,,,,,,,,,,,,,,,,,,,,,,,,,,,,,,,,,
Fragile and conflict affected situations,FCS,Statistical Capacity score (Overall average),IQ.SCI.OVRL,,,,,,,,,,,,,,,,,,,,,,,,,,,,,,,,,,,,,,,,,,,,,45.24444453,47.82222213,48.41880346,47.73504269,47.60683744,47.69547333,49.36214012,51.11111086,52.56410244,51.72619048,51.92460317,53.49206905,52.50000595,52.97619048,54.54365595,
Finland,FIN,Statistical Capacity score (Overall average),IQ.SCI.OVRL,,,,,,,,,,,,,,,,,,,,,,,,,,,,,,,,,,,,,,,,,,,,,,,,,,,,,,,,,,,,
Fiji,FJI,Statistical Capacity score (Overall average),IQ.SCI.OVRL,,,,,,,,,,,,,,,,,,,,,,,,,,,,,,,,,,,,,,,,,,,,,,53.33333333,54.44444444,52.22222222,53.33333333,56.66666667,53.33333333,70,70,71.11111111,71.11111111,61.11113333,58.88886667,70,72.22223333,
France,FRA,Statistical Capacity score (Overall average),IQ.SCI.OVRL,,,,,,,,,,,,,,,,,,,,,,,,,,,,,,,,,,,,,,,,,,,,,,,,,,,,,,,,,,,,
Faroe Islands,FRO,Statistical Capacity score (Overall average),IQ.SCI.OVRL,,,,,,,,,,,,,,,,,,,,,,,,,,,,,,,,,,,,,,,,,,,,,,,,,,,,,,,,,,,,
"Micronesia, Fed. Sts.",FSM,Statistical Capacity score (Overall average),IQ.SCI.OVRL,,,,,,,,,,,,,,,,,,,,,,,,,,,,,,,,,,,,,,,,,,,,,,30,31.11111111,31.11111111,34.44444444,34.44444444,27.77777778,27.77777778,37.77777778,37.77777778,36.66666667,35.55556667,32.22223333,32.22223333,35.55556667,
Gabon,GAB,Statistical Capacity score (Overall average),IQ.SCI.OVRL,,,,,,,,,,,,,,,,,,,,,,,,,,,,,,,,,,,,,,,,,,,,,44.44444444,47.77777778,40,40,36.66666667,41.11111111,40,43.33333333,36.66666667,42.22222222,42.22222222,39.99996667,36.66663333,36.66663333,36.66663333,
United Kingdom,GBR,Statistical Capacity score (Overall average),IQ.SCI.OVRL,,,,,,,,,,,,,,,,,,,,,,,,,,,,,,,,,,,,,,,,,,,,,,,,,,,,,,,,,,,,
Georgia,GEO,Statistical Capacity score (Overall average),IQ.SCI.OVRL,,,,,,,,,,,,,,,,,,,,,,,,,,,,,,,,,,,,,,,,,,,,,76.66666667,85.55555556,85.55555556,85.55555556,88.88888889,88.88888889,95.55555556,95.55555556,94.44444444,92.22222222,82.22222222,88.8889,88.8889,86.6667,87.7778,
Ghana,GHA,Statistical Capacity score (Overall average),IQ.SCI.OVRL,,,,,,,,,,,,,,,,,,,,,,,,,,,,,,,,,,,,,,,,,,,,,51.11111111,53.33333333,55.55555556,55.55555556,58.88888889,58.88888889,65.55555556,62.22222222,58.88888889,62.22222222,62.22222222,65.55556667,68.8889,68.8889,71.11113333,
Gibraltar,GIB,Statistical Capacity score (Overall average),IQ.SCI.OVRL,,,,,,,,,,,,,,,,,,,,,,,,,,,,,,,,,,,,,,,,,,,,,,,,,,,,,,,,,,,,
Guinea,GIN,Statistical Capacity score (Overall average),IQ.SCI.OVRL,,,,,,,,,,,,,,,,,,,,,,,,,,,,,,,,,,,,,,,,,,,,,66.66666667,62.22222222,57.77777778,61.11111111,55.55555556,54.44444444,57.77777778,58.88888889,57.77777778,52.22222222,52.22222222,53.33333333,55.55556667,52.22223333,58.8889,
"Gambia, The",GMB,Statistical Capacity score (Overall average),IQ.SCI.OVRL,,,,,,,,,,,,,,,,,,,,,,,,,,,,,,,,,,,,,,,,,,,,,63.33333333,61.11111111,64.44444444,62.22222222,62.22222222,62.22222222,67.77777778,64.44444444,67.77777778,70,66.66666667,65.55556667,64.44443333,63.33333333,68.8889,
Guinea-Bissau,GNB,Statistical Capacity score (Overall average),IQ.SCI.OVRL,,,,,,,,,,,,,,,,,,,,,,,,,,,,,,,,,,,,,,,,,,,,,37.77777778,33.33333333,41.11111111,34.44444444,31.11111111,33.33333333,45.55555556,48.88888889,51.11111111,50,43.33333333,44.44443333,42.2222,47.77776667,47.77776667,
Equatorial Guinea,GNQ,Statistical Capacity score (Overall average),IQ.SCI.OVRL,,,,,,,,,,,,,,,,,,,,,,,,,,,,,,,,,,,,,,,,,,,,,,34.44444444,30,30,30,32.22222222,32.22222222,32.22222222,32.22222222,31.11111111,34.44444444,42.22223333,45.55556667,45.55556667,43.3333,
Greece,GRC,Statistical Capacity score (Overall average),IQ.SCI.OVRL,,,,,,,,,,,,,,,,,,,,,,,,,,,,,,,,,,,,,,,,,,,,,,,,,,,,,,,,,,,,
Grenada,GRD,Statistical Capacity score (Overall average),IQ.SCI.OVRL,,,,,,,,,,,,,,,,,,,,,,,,,,,,,,,,,,,,,,,,,,,,,,52.22222222,56.66666667,50,46.66666667,46.66666667,43.33333333,44.44444444,47.77777778,51.11111111,44.44444444,51.11113333,51.11113333,53.33333333,60,
Greenland,GRL,Statistical Capacity score (Overall average),IQ.SCI.OVRL,,,,,,,,,,,,,,,,,,,,,,,,,,,,,,,,,,,,,,,,,,,,,,,,,,,,,,,,,,,,
Guatemala,GTM,Statistical Capacity score (Overall average),IQ.SCI.OVRL,,,,,,,,,,,,,,,,,,,,,,,,,,,,,,,,,,,,,,,,,,,,,80,77.77777778,80,80,83.33333333,85.55555556,85.55555556,85.55555556,82.22222222,76.66666667,68.88888889,72.22223333,71.1111,78.8889,80.00003333,
Guam,GUM,Statistical Capacity score (Overall average),IQ.SCI.OVRL,,,,,,,,,,,,,,,,,,,,,,,,,,,,,,,,,,,,,,,,,,,,,,,,,,,,,,,,,,,,
Guyana,GUY,Statistical Capacity score (Overall average),IQ.SCI.OVRL,,,,,,,,,,,,,,,,,,,,,,,,,,,,,,,,,,,,,,,,,,,,,,55.55555556,52.22222222,54.44444444,53.33333333,55.55555556,53.33333333,58.88888889,55.55555556,58.88888889,58.88888889,56.6667,57.7778,55.55553333,48.88886667,
High income,HIC,Statistical Capacity score (Overall average),IQ.SCI.OVRL,,,,,,,,,,,,,,,,,,,,,,,,,,,,,,,,,,,,,,,,,,,,,,,,,,,,,,,,,,,,
"Hong Kong SAR, China",HKG,Statistical Capacity score (Overall average),IQ.SCI.OVRL,,,,,,,,,,,,,,,,,,,,,,,,,,,,,,,,,,,,,,,,,,,,,,,,,,,,,,,,,,,,
Honduras,HND,Statistical Capacity score (Overall average),IQ.SCI.OVRL,,,,,,,,,,,,,,,,,,,,,,,,,,,,,,,,,,,,,,,,,,,,,62.22222222,60,58.88888889,66.66666667,70,73.33333333,75.55555556,75.55555556,68.88888889,62.22222222,73.33333333,76.6667,77.7778,71.11113333,74.44446667,
Heavily indebted poor countries (HIPC),HPC,Statistical Capacity score (Overall average),IQ.SCI.OVRL,,,,,,,,,,,,,,,,,,,,,,,,,,,,,,,,,,,,,,,,,,,,,53.61111111,54.62962954,55.58641963,56.29629611,55.55555565,57.00617296,58.82716065,59.10493824,59.77777762,60.79365079,60.34920635,62.00001524,61.96827048,61.61905905,63.58731429,
Croatia,HRV,Statistical Capacity score (Overall average),IQ.SCI.OVRL,,,,,,,,,,,,,,,,,,,,,,,,,,,,,,,,,,,,,,,,,,,,,95.55555556,95.55555556,94.44444444,87.77777778,90,88.88888889,84.44444444,86.66666667,86.66666667,87.77777778,83.33333333,80.00003333,81.11113333,83.33333333,83.33333333,
Haiti,HTI,Statistical Capacity score (Overall average),IQ.SCI.OVRL,,,,,,,,,,,,,,,,,,,,,,,,,,,,,,,,,,,,,,,,,,,,,37.77777778,38.88888889,38.88888889,38.88888889,41.11111111,40,42.22222222,42.22222222,38.88888889,41.11111111,47.77777778,47.7778,38.8889,36.66666667,53.33333333,
Hungary,HUN,Statistical Capacity score (Overall average),IQ.SCI.OVRL,,,,,,,,,,,,,,,,,,,,,,,,,,,,,,,,,,,,,,,,,,,,,90,90,90,90,90,86.66666667,86.66666667,86.66666667,85.55555556,88.88888889,85.55555556,85.55556667,85.55556667,52.22223333,56.66666667,
IBRD only,IBD,Statistical Capacity score (Overall average),IQ.SCI.OVRL,,,,,,,,,,,,,,,,,,,,,,,,,,,,,,,,,,,,,,,,,,,,,72.73069699,74.80222228,74.53858768,75.32952921,75.72500932,75.78150646,75.88508488,76.44067802,74.94444443,74.42592593,74.63148148,75.0926,75.500005,75.074075,74.88889333,
IDA & IBRD total,IBT,Statistical Capacity score (Overall average),IQ.SCI.OVRL,,,,,,,,,,,,,,,,,,,,,,,,,,,,,,,,,,,,,,,,,,,,,65.39682544,67.26188492,67.22712882,67.83675513,67.80725655,68.05307765,68.7364603,69.02654864,68.48574229,67.8115942,68.30531401,69.11112116,69.1304429,68.80193652,69.80676957,
IDA total,IDA,Statistical Capacity score (Overall average),IQ.SCI.OVRL,,,,,,,,,,,,,,,,,,,,,,,,,,,,,,,,,,,,,,,,,,,,,57.23270428,58.86792447,59.23868302,59.65020568,59.15637852,59.60905358,60.92592605,60.9259258,61.17400403,60.5959596,61.4040404,62.58587152,62.1818297,61.95960364,64.26263455,
IDA blend,IDB,Statistical Capacity score (Overall average),IQ.SCI.OVRL,,,,,,,,,,,,,,,,,,,,,,,,,,,,,,,,,,,,,,,,,,,,,58.444444,61.55555567,60.70707061,62.02020212,62.62626242,62.62626273,63.33333303,62.82828212,61.61616091,62.02020202,64.24242424,63.43434848,65.15150909,64.14141212,67.87878788,
Indonesia,IDN,Statistical Capacity score (Overall average),IQ.SCI.OVRL,,,,,,,,,,,,,,,,,,,,,,,,,,,,,,,,,,,,,,,,,,,,,86.66666667,84.44444444,85.55555556,90,90,86.66666667,86.66666667,83.33333333,83.33333333,80,83.33333333,84.44446667,86.66666667,86.66666667,90,
IDA only,IDX,Statistical Capacity score (Overall average),IQ.SCI.OVRL,,,,,,,,,,,,,,,,,,,,,,,,,,,,,,,,,,,,,,,,,,,,,56.95090434,58.24289395,58.86304899,59.04392752,58.2687338,58.83720938,60.31007775,60.43927651,61.05820103,60.23989899,60.69444444,62.37375227,61.43940985,61.41415152,63.35859621,
Isle of Man,IMN,Statistical Capacity score (Overall average),IQ.SCI.OVRL,,,,,,,,,,,,,,,,,,,,,,,,,,,,,,,,,,,,,,,,,,,,,,,,,,,,,,,,,,,,
India,IND,Statistical Capacity score (Overall average),IQ.SCI.OVRL,,,,,,,,,,,,,,,,,,,,,,,,,,,,,,,,,,,,,,,,,,,,,78.88888889,77.77777778,80,78.88888889,80,75.55555556,81.11111111,76.66666667,75.55555556,73.33333333,81.11111111,77.7778,81.11113333,91.11113333,91.11113333,
Not classified,INX,Statistical Capacity score (Overall average),IQ.SCI.OVRL,,,,,,,,,,,,,,,,,,,,,,,,,,,,,,,,,,,,,,,,,,,,,,,,,,,,,,,,,,,,
Ireland,IRL,Statistical Capacity score (Overall average),IQ.SCI.OVRL,,,,,,,,,,,,,,,,,,,,,,,,,,,,,,,,,,,,,,,,,,,,,,,,,,,,,,,,,,,,
"Iran, Islamic Rep.",IRN,Statistical Capacity score (Overall average),IQ.SCI.OVRL,,,,,,,,,,,,,,,,,,,,,,,,,,,,,,,,,,,,,,,,,,,,,64.44444444,72.22222222,73.33333333,80,80,81.11111111,71.11111111,68.88888889,70,70,73.33333333,73.33333333,78.8889,75.55556667,77.77776667,
Iraq,IRQ,Statistical Capacity score (Overall average),IQ.SCI.OVRL,,,,,,,,,,,,,,,,,,,,,,,,,,,,,,,,,,,,,,,,,,,,,32.22222222,40,40,45.55555556,51.11111111,41.11111111,41.11111111,46.66666667,50,50,46.66666667,52.22223333,50,52.22223333,51.11113333,
Iceland,ISL,Statistical Capacity score (Overall average),IQ.SCI.OVRL,,,,,,,,,,,,,,,,,,,,,,,,,,,,,,,,,,,,,,,,,,,,,,,,,,,,,,,,,,,,
Israel,ISR,Statistical Capacity score (Overall average),IQ.SCI.OVRL,,,,,,,,,,,,,,,,,,,,,,,,,,,,,,,,,,,,,,,,,,,,,,,,,,,,,,,,,,,,
Italy,ITA,Statistical Capacity score (Overall average),IQ.SCI.OVRL,,,,,,,,,,,,,,,,,,,,,,,,,,,,,,,,,,,,,,,,,,,,,,,,,,,,,,,,,,,,
Jamaica,JAM,Statistical Capacity score (Overall average),IQ.SCI.OVRL,,,,,,,,,,,,,,,,,,,,,,,,,,,,,,,,,,,,,,,,,,,,,76.66666667,77.77777778,76.66666667,76.66666667,71.11111111,71.11111111,74.44444444,81.11111111,78.88888889,78.88888889,78.88888889,77.7778,77.77776667,71.1111,66.66666667,
Jordan,JOR,Statistical Capacity score (Overall average),IQ.SCI.OVRL,,,,,,,,,,,,,,,,,,,,,,,,,,,,,,,,,,,,,,,,,,,,,68.88888889,71.11111111,71.11111111,71.11111111,73.33333333,74.44444444,76.66666667,74.44444444,75.55555556,74.44444444,74.44444444,74.44446667,71.11113333,75.5556,74.44446667,
Japan,JPN,Statistical Capacity score (Overall average),IQ.SCI.OVRL,,,,,,,,,,,,,,,,,,,,,,,,,,,,,,,,,,,,,,,,,,,,,,,,,,,,,,,,,,,,
Kazakhstan,KAZ,Statistical Capacity score (Overall average),IQ.SCI.OVRL,,,,,,,,,,,,,,,,,,,,,,,,,,,,,,,,,,,,,,,,,,,,,86.66666667,87.77777778,88.88888889,95.55555556,95.55555556,94.44444444,95.55555556,92.22222222,94.44444444,94.44444444,88.88888889,90,92.22223333,95.55556667,93.33333333,
Kenya,KEN,Statistical Capacity score (Overall average),IQ.SCI.OVRL,,,,,,,,,,,,,,,,,,,,,,,,,,,,,,,,,,,,,,,,,,,,,64.44444444,58.88888889,58.88888889,62.22222222,64.44444444,62.22222222,62.22222222,61.11111111,57.77777778,52.22222222,54.44444444,54.44443333,55.55553333,57.77776667,55.55556667,
Kyrgyz Republic,KGZ,Statistical Capacity score (Overall average),IQ.SCI.OVRL,,,,,,,,,,,,,,,,,,,,,,,,,,,,,,,,,,,,,,,,,,,,,87.77777778,91.11111111,90,91.11111111,94.44444444,91.11111111,88.88888889,84.44444444,84.44444444,84.44444444,86.66666667,82.22223333,85.55556667,90,86.66666667,
Cambodia,KHM,Statistical Capacity score (Overall average),IQ.SCI.OVRL,,,,,,,,,,,,,,,,,,,,,,,,,,,,,,,,,,,,,,,,,,,,,64.44444444,67.77777778,71.11111111,72.22222222,72.22222222,74.44444444,73.33333333,73.33333333,67.77777778,70,76.66666667,76.66666667,66.66666667,63.33333333,66.66666667,
Kiribati,KIR,Statistical Capacity score (Overall average),IQ.SCI.OVRL,,,,,,,,,,,,,,,,,,,,,,,,,,,,,,,,,,,,,,,,,,,,,,32.22222222,36.66666667,36.66666667,35.55555556,33.33333333,36.66666667,37.77777778,37.77777778,35.55555556,35.55555556,34.44443333,39.99996667,39.99996667,43.3333,
St. Kitts and Nevis,KNA,Statistical Capacity score (Overall average),IQ.SCI.OVRL,,,,,,,,,,,,,,,,,,,,,,,,,,,,,,,,,,,,,,,,,,,,,,54.44444444,60,63.33333333,61.11111111,61.11111111,61.11111111,61.11111111,54.44444444,50,52.22222222,56.66666667,53.33333333,50,43.33333333,
"Korea, Rep.",KOR,Statistical Capacity score (Overall average),IQ.SCI.OVRL,,,,,,,,,,,,,,,,,,,,,,,,,,,,,,,,,,,,,,,,,,,,,,,,,,,,,,,,,,,,
Kuwait,KWT,Statistical Capacity score (Overall average),IQ.SCI.OVRL,,,,,,,,,,,,,,,,,,,,,,,,,,,,,,,,,,,,,,,,,,,,,,,,,,,,,,,,,,,,
Latin America & Caribbean (excluding high income),LAC,Statistical Capacity score (Overall average),IQ.SCI.OVRL,,,,,,,,,,,,,,,,,,,,,,,,,,,,,,,,,,,,,,,,,,,,,75.49019627,74.70588255,73.59477157,75.0326798,75.16339843,76.73202588,77.18954255,77.25490196,75.35947706,74.83660131,76.79738562,78.95426078,78.49673922,76.2091549,75.88235882,
Lao PDR,LAO,Statistical Capacity score (Overall average),IQ.SCI.OVRL,,,,,,,,,,,,,,,,,,,,,,,,,,,,,,,,,,,,,,,,,,,,,68.88888889,70,70,68.88888889,67.77777778,67.77777778,70,65.55555556,70,72.22222222,73.33333333,71.11113333,64.44446667,67.7778,77.7778,
Lebanon,LBN,Statistical Capacity score (Overall average),IQ.SCI.OVRL,,,,,,,,,,,,,,,,,,,,,,,,,,,,,,,,,,,,,,,,,,,,,42.22222222,48.88888889,48.88888889,48.88888889,54.44444444,54.44444444,56.66666667,63.33333333,66.66666667,66.66666667,62.22222222,65.55553333,63.33333333,66.66663333,64.44443333,
Liberia,LBR,Statistical Capacity score (Overall average),IQ.SCI.OVRL,,,,,,,,,,,,,,,,,,,,,,,,,,,,,,,,,,,,,,,,,,,,,16.66666667,23.33333333,23.33333333,22.22222222,25.55555556,32.22222222,33.33333333,40,43.33333333,47.77777778,46.66666667,51.1111,57.77776667,60.00003333,56.66666667,
Libya,LBY,Statistical Capacity score (Overall average),IQ.SCI.OVRL,,,,,,,,,,,,,,,,,,,,,,,,,,,,,,,,,,,,,,,,,,,,,28.88888889,42.22222222,38.88888889,41.11111111,41.11111111,38.88888889,40.55555556,35.55555556,36.66666667,27.77777778,28.88888889,22.2222,22.2222,22.2222,29.44443333,
St. Lucia,LCA,Statistical Capacity score (Overall average),IQ.SCI.OVRL,,,,,,,,,,,,,,,,,,,,,,,,,,,,,,,,,,,,,,,,,,,,,,60,60,61.11111111,57.77777778,56.66666667,60,60,63.33333333,63.33333333,66.66666667,61.1111,64.44443333,57.77776667,61.1111,
Latin America & Caribbean,LCN,Statistical Capacity score (Overall average),IQ.SCI.OVRL,,,,,,,,,,,,,,,,,,,,,,,,,,,,,,,,,,,,,,,,,,,,,,,,,,,,,,,,,,,,
Least developed countries: UN classification,LDC,Statistical Capacity score (Overall average),IQ.SCI.OVRL,,,,,,,,,,,,,,,,,,,,,,,,,,,,,,,,,,,,,,,,,,,,,54.05405396,55.31531532,55.7894736,55.96491219,55.20467833,56.11111132,57.86549728,57.9532164,59.15915901,59.78070175,60.42397661,61.37428421,60.00001491,60.35088509,63.07018596,
Low income,LIC,Statistical Capacity score (Overall average),IQ.SCI.OVRL,,,,,,,,,,,,,,,,,,,,,,,,,,,,,,,,,,,,,,,,,,,,,52.37547874,54.09961678,55.28735609,55.44061287,55.13409954,55.78544057,57.27969356,57.89272034,59.6428569,59.6743295,59.25287356,60.42147126,59.31036322,59.08047126,60.2298954,
Liechtenstein,LIE,Statistical Capacity score (Overall average),IQ.SCI.OVRL,,,,,,,,,,,,,,,,,,,,,,,,,,,,,,,,,,,,,,,,,,,,,,,,,,,,,,,,,,,,
Sri Lanka,LKA,Statistical Capacity score (Overall average),IQ.SCI.OVRL,,,,,,,,,,,,,,,,,,,,,,,,,,,,,,,,,,,,,,,,,,,,,75.55555556,76.66666667,73.33333333,77.77777778,74.44444444,75.55555556,76.66666667,76.66666667,78.88888889,78.88888889,78.88888889,73.33333333,83.33333333,83.33333333,86.66666667,
Lower middle income,LMC,Statistical Capacity score (Overall average),IQ.SCI.OVRL,,,,,,,,,,,,,,,,,,,,,,,,,,,,,,,,,,,,,,,,,,,,,66.54320981,68.27160481,67.80780784,68.04804802,67.65765757,67.36842123,68.24561412,68.42105237,67.36842096,67.69005848,69.35672515,70.3508886,69.73684561,69.44444561,72.07602982,
Low & middle income,LMY,Statistical Capacity score (Overall average),IQ.SCI.OVRL,,,,,,,,,,,,,,,,,,,,,,,,,,,,,,,,,,,,,,,,,,,,,64.46540883,66.29976938,66.22013502,66.86394598,66.84317745,66.90327155,67.58742813,68.1893004,67.70576122,67.05555556,67.68282828,68.56566667,68.56566455,68.51515576,69.42424879,
Lesotho,LSO,Statistical Capacity score (Overall average),IQ.SCI.OVRL,,,,,,,,,,,,,,,,,,,,,,,,,,,,,,,,,,,,,,,,,,,,,71.11111111,71.11111111,70,61.11111111,61.11111111,62.22222222,65.55555556,65.55555556,72.22222222,73.33333333,72.22222222,65.5556,57.7778,62.22223333,72.22223333,
Late-demographic dividend,LTE,Statistical Capacity score (Overall average),IQ.SCI.OVRL,,,,,,,,,,,,,,,,,,,,,,,,,,,,,,,,,,,,,,,,,,,,,76.48148163,79.14807404,79.37033344,80.70362944,80.70362967,80.29622237,80.55548159,81.33333322,80.74074052,81.07407407,80.78148148,81.18519222,82.84722813,79.40972292,78.3680625,
Lithuania,LTU,Statistical Capacity score (Overall average),IQ.SCI.OVRL,,,,,,,,,,,,,,,,,,,,,,,,,,,,,,,,,,,,,,,,,,,,,,,,,,,,,,,,,83.33333333,56.66666667,53.33333333,
Luxembourg,LUX,Statistical Capacity score (Overall average),IQ.SCI.OVRL,,,,,,,,,,,,,,,,,,,,,,,,,,,,,,,,,,,,,,,,,,,,,,,,,,,,,,,,,,,,
Latvia,LVA,Statistical Capacity score (Overall average),IQ.SCI.OVRL,,,,,,,,,,,,,,,,,,,,,,,,,,,,,,,,,,,,,,,,,,,,,,,,,,,,,,,,,90,56.66666667,51.11113333,
"Macao SAR, China",MAC,Statistical Capacity score (Overall average),IQ.SCI.OVRL,,,,,,,,,,,,,,,,,,,,,,,,,,,,,,,,,,,,,,,,,,,,,,,,,,,,,,,,,,,,
St. Martin (French part),MAF,Statistical Capacity score (Overall average),IQ.SCI.OVRL,,,,,,,,,,,,,,,,,,,,,,,,,,,,,,,,,,,,,,,,,,,,,,,,,,,,,,,,,,,,
Morocco,MAR,Statistical Capacity score (Overall average),IQ.SCI.OVRL,,,,,,,,,,,,,,,,,,,,,,,,,,,,,,,,,,,,,,,,,,,,,80,78.88888889,82.22222222,82.22222222,80,82.22222222,77.77777778,75.55555556,72.22222222,78.88888889,78.88888889,81.11113333,84.44446667,76.66663333,73.33333333,
Monaco,MCO,Statistical Capacity score (Overall average),IQ.SCI.OVRL,,,,,,,,,,,,,,,,,,,,,,,,,,,,,,,,,,,,,,,,,,,,,,,,,,,,,,,,,,,,
Moldova,MDA,Statistical Capacity score (Overall average),IQ.SCI.OVRL,,,,,,,,,,,,,,,,,,,,,,,,,,,,,,,,,,,,,,,,,,,,,74.44444444,83.33333333,86.66666667,86.66666667,86.66666667,84.44444444,84.44444444,84.44444444,91.11111111,94.44444444,94.44444444,95.55556667,95.55556667,92.22223333,90.00003333,
Madagascar,MDG,Statistical Capacity score (Overall average),IQ.SCI.OVRL,,,,,,,,,,,,,,,,,,,,,,,,,,,,,,,,,,,,,,,,,,,,,63.33333333,63.33333333,65.55555556,65.55555556,67.77777778,67.77777778,67.77777778,66.66666667,64.44444444,63.33333333,62.22222222,58.8889,62.22223333,56.66666667,57.7778,
Maldives,MDV,Statistical Capacity score (Overall average),IQ.SCI.OVRL,,,,,,,,,,,,,,,,,,,,,,,,,,,,,,,,,,,,,,,,,,,,,,71.11111111,71.11111111,64.44444444,68.88888889,61.11111111,65.55555556,66.66666667,71.11111111,68.88888889,66.66666667,55.55553333,50,52.2222,59.99996667,
Middle East & North Africa,MEA,Statistical Capacity score (Overall average),IQ.SCI.OVRL,,,,,,,,,,,,,,,,,,,,,,,,,,,,,,,,,,,,,,,,,,,,,,,,,,,,,,,,,,,,
Mexico,MEX,Statistical Capacity score (Overall average),IQ.SCI.OVRL,,,,,,,,,,,,,,,,,,,,,,,,,,,,,,,,,,,,,,,,,,,,,74.44444444,72.22222222,68.88888889,70,76.66666667,80,85.55555556,88.88888889,87.77777778,87.77777778,85.55555556,92.22223333,98.8889,93.33336667,96.66666667,
Marshall Islands,MHL,Statistical Capacity score (Overall average),IQ.SCI.OVRL,,,,,,,,,,,,,,,,,,,,,,,,,,,,,,,,,,,,,,,,,,,,,,32.22222222,32.22222222,36.66666667,41.11111111,41.11111111,41.11111111,46.66666667,53.33333333,53.33333333,46.66666667,37.77776667,28.8889,32.2222,32.2222,
Middle income,MIC,Statistical Capacity score (Overall average),IQ.SCI.OVRL,,,,,,,,,,,,,,,,,,,,,,,,,,,,,,,,,,,,,,,,,,,,,69.01875912,70.89463205,70.28488615,71.11108265,71.19655256,70.98450065,71.37128006,71.96905764,70.52777774,69.69821674,70.70096022,71.48148971,71.87929095,71.89300576,72.71605432,
North Macedonia,MKD,Statistical Capacity score (Overall average),IQ.SCI.OVRL,,,,,,,,,,,,,,,,,,,,,,,,,,,,,,,,,,,,,,,,,,,,,76.66666667,77.77777778,74.44444444,74.44444444,81.11111111,75.55555556,78.88888889,78.88888889,80,80,84.44444444,83.33333333,81.1111,81.11113333,86.6667,
Mali,MLI,Statistical Capacity score (Overall average),IQ.SCI.OVRL,,,,,,,,,,,,,,,,,,,,,,,,,,,,,,,,,,,,,,,,,,,,,55.55555556,57.77777778,68.88888889,67.77777778,61.11111111,63.33333333,63.33333333,63.33333333,66.66666667,67.77777778,66.66666667,65.55556667,65.55556667,65.55556667,61.11113333,
Malta,MLT,Statistical Capacity score (Overall average),IQ.SCI.OVRL,,,,,,,,,,,,,,,,,,,,,,,,,,,,,,,,,,,,,,,,,,,,,,,,,,,,,,,,,,,,
Myanmar,MMR,Statistical Capacity score (Overall average),IQ.SCI.OVRL,,,,,,,,,,,,,,,,,,,,,,,,,,,,,,,,,,,,,,,,,,,,,60,62.22222222,61.11111111,57.77777778,57.77777778,48.88888889,52.22222222,51.11111111,48.88888889,50,46.66666667,55.55553333,55.55553333,64.4444,68.88886667,
Middle East & North Africa (excluding high income),MNA,Statistical Capacity score (Overall average),IQ.SCI.OVRL,,,,,,,,,,,,,,,,,,,,,,,,,,,,,,,,,,,,,,,,,,,,,57.77777788,63.63636364,64.44444455,65.05050515,66.06060576,62.03703667,61.25000028,64.07407417,63.70370389,63.42592593,63.42592593,64.44445833,62.12964167,61.01851944,59.86111944,
Montenegro,MNE,Statistical Capacity score (Overall average),IQ.SCI.OVRL,,,,,,,,,,,,,,,,,,,,,,,,,,,,,,,,,,,,,,,,,,,,,53.33333333,52.22333333,53.33333333,57.77777778,60,56.66666667,57.77777778,67.77777778,67.77777778,72.22222222,75.55555556,72.22223333,72.22223333,76.6667,76.6667,
Mongolia,MNG,Statistical Capacity score (Overall average),IQ.SCI.OVRL,,,,,,,,,,,,,,,,,,,,,,,,,,,,,,,,,,,,,,,,,,,,,72.22222222,78.88888889,78.88888889,80,80,75.55555556,74.44444444,77.77777778,77.77777778,83.33333333,83.33333333,74.44443333,82.2222,78.88886667,85.55553333,
Northern Mariana Islands,MNP,Statistical Capacity score (Overall average),IQ.SCI.OVRL,,,,,,,,,,,,,,,,,,,,,,,,,,,,,,,,,,,,,,,,,,,,,,,,,,,,,,,,,,,,
Mozambique,MOZ,Statistical Capacity score (Overall average),IQ.SCI.OVRL,,,,,,,,,,,,,,,,,,,,,,,,,,,,,,,,,,,,,,,,,,,,,67.77777778,70,70,68.88888889,68.88888889,72.22222222,72.22222222,72.22222222,77.77777778,77.77777778,74.44444444,72.22223333,71.1111,68.8889,74.4445,
Mauritania,MRT,Statistical Capacity score (Overall average),IQ.SCI.OVRL,,,,,,,,,,,,,,,,,,,,,,,,,,,,,,,,,,,,,,,,,,,,,55.55555556,54.44444444,61.11111111,61.11111111,57.77777778,65.55555556,62.22222222,63.33333333,56.66666667,60,58.88888889,66.6667,58.88893333,56.6667,65.55556667,
Mauritius,MUS,Statistical Capacity score (Overall average),IQ.SCI.OVRL,,,,,,,,,,,,,,,,,,,,,,,,,,,,,,,,,,,,,,,,,,,,,70,67.77777778,67.77777778,67.77777778,71.11111111,70,70,73.33333333,80,75.55555556,85.55555556,93.33336667,91.11113333,85.55556667,75.55556667,
Malawi,MWI,Statistical Capacity score (Overall average),IQ.SCI.OVRL,,,,,,,,,,,,,,,,,,,,,,,,,,,,,,,,,,,,,,,,,,,,,67.77777778,64.44444444,67.77777778,75.55555556,73.33333333,73.33333333,78.88888889,77.77777778,74.44444444,78.88888889,75.55555556,75.55556667,74.44446667,77.7778,80,
Malaysia,MYS,Statistical Capacity score (Overall average),IQ.SCI.OVRL,,,,,,,,,,,,,,,,,,,,,,,,,,,,,,,,,,,,,,,,,,,,,75.55555556,78.88888889,84.44444444,81.11111111,80,84.44444444,80,76.66666667,70,71.11111111,74.44444444,74.44443333,77.77776667,81.1111,81.11113333,
North America,NAC,Statistical Capacity score (Overall average),IQ.SCI.OVRL,,,,,,,,,,,,,,,,,,,,,,,,,,,,,,,,,,,,,,,,,,,,,,,,,,,,,,,,,,,,
Namibia,NAM,Statistical Capacity score (Overall average),IQ.SCI.OVRL,,,,,,,,,,,,,,,,,,,,,,,,,,,,,,,,,,,,,,,,,,,,,58.88888889,58.88888889,56.66666667,58.88888889,56.66666667,50,52.22222222,57.77777778,56.66666667,54.44444444,48.88888889,47.7778,58.88893333,56.66666667,64.44446667,
New Caledonia,NCL,Statistical Capacity score (Overall average),IQ.SCI.OVRL,,,,,,,,,,,,,,,,,,,,,,,,,,,,,,,,,,,,,,,,,,,,,,,,,,,,,,,,,,,,
Niger,NER,Statistical Capacity score (Overall average),IQ.SCI.OVRL,,,,,,,,,,,,,,,,,,,,,,,,,,,,,,,,,,,,,,,,,,,,,64.44444444,65.55555556,68.88888889,68.88888889,61.11111111,62.22222222,67.77777778,71.11111111,70,72.22222222,67.77777778,71.11113333,71.11113333,72.22223333,67.7778,
Nigeria,NGA,Statistical Capacity score (Overall average),IQ.SCI.OVRL,,,,,,,,,,,,,,,,,,,,,,,,,,,,,,,,,,,,,,,,,,,,,44.44444444,50,47.77777778,60,67.77777778,66.66666667,68.88888889,73.33333333,74.44444444,72.22222222,72.22222222,71.1111,67.77776667,63.33333333,68.88886667,
Nicaragua,NIC,Statistical Capacity score (Overall average),IQ.SCI.OVRL,,,,,,,,,,,,,,,,,,,,,,,,,,,,,,,,,,,,,,,,,,,,,78.88888889,83.33333333,76.66666667,76.66666667,70,72.22222222,75.55555556,71.11111111,68.88888889,65.55555556,65.55555556,70,70,68.8889,62.22223333,
Netherlands,NLD,Statistical Capacity score (Overall average),IQ.SCI.OVRL,,,,,,,,,,,,,,,,,,,,,,,,,,,,,,,,,,,,,,,,,,,,,,,,,,,,,,,,,,,,
Norway,NOR,Statistical Capacity score (Overall average),IQ.SCI.OVRL,,,,,,,,,,,,,,,,,,,,,,,,,,,,,,,,,,,,,,,,,,,,,,,,,,,,,,,,,,,,
Nepal,NPL,Statistical Capacity score (Overall average),IQ.SCI.OVRL,,,,,,,,,,,,,,,,,,,,,,,,,,,,,,,,,,,,,,,,,,,,,72.22222222,75.55555556,80,74.44444444,67.77777778,67.77777778,64.44444444,63.33333333,66.66666667,61.11111111,65.55555556,72.22223333,70.00003333,73.33333333,77.77776667,
Nauru,NRU,Statistical Capacity score (Overall average),IQ.SCI.OVRL,,,,,,,,,,,,,,,,,,,,,,,,,,,,,,,,,,,,,,,,,,,,,,,,,,,,,,,,,,,,
New Zealand,NZL,Statistical Capacity score (Overall average),IQ.SCI.OVRL,,,,,,,,,,,,,,,,,,,,,,,,,,,,,,,,,,,,,,,,,,,,,,,,,,,,,,,,,,,,
OECD members,OED,Statistical Capacity score (Overall average),IQ.SCI.OVRL,,,,,,,,,,,,,,,,,,,,,,,,,,,,,,,,,,,,,,,,,,,,,,,,,,,,,,,,,,,,
Oman,OMN,Statistical Capacity score (Overall average),IQ.SCI.OVRL,,,,,,,,,,,,,,,,,,,,,,,,,,,,,,,,,,,,,,,,,,,,,,,,,,,,,,,,,,,,
Other small states,OSS,Statistical Capacity score (Overall average),IQ.SCI.OVRL,,,,,,,,,,,,,,,,,,,,,,,,,,,,,,,,,,,,,,,,,,,,,60.41666667,59.72222208,55.67901222,53.58024704,54.0740737,54.44444444,58.27160519,59.25925926,57.22222233,56.44444444,56.88888889,56.55556333,58.08080909,56.46464242,58.88889091,
Pakistan,PAK,Statistical Capacity score (Overall average),IQ.SCI.OVRL,,,,,,,,,,,,,,,,,,,,,,,,,,,,,,,,,,,,,,,,,,,,,73.33333333,80,81.11111111,85.55555556,84.44444444,83.33333333,76.66666667,74.44444444,71.11111111,67.77777778,74.44444444,75.55556667,75.55556667,75.55556667,78.8889,
Panama,PAN,Statistical Capacity score (Overall average),IQ.SCI.OVRL,,,,,,,,,,,,,,,,,,,,,,,,,,,,,,,,,,,,,,,,,,,,,75.55555556,75.55555556,75.55555556,76.66666667,73.33333333,76.66666667,78.88888889,74.44444444,75.55555556,75.55555556,82.22222222,78.8889,73.33336667,68.8889,75.55556667,
Peru,PER,Statistical Capacity score (Overall average),IQ.SCI.OVRL,,,,,,,,,,,,,,,,,,,,,,,,,,,,,,,,,,,,,,,,,,,,,93.33333333,84.44444444,80,78.88888889,80,81.11111111,81.11111111,81.11111111,83.33333333,88.88888889,98.88888889,93.33333333,93.33333333,90,90,
Philippines,PHL,Statistical Capacity score (Overall average),IQ.SCI.OVRL,,,,,,,,,,,,,,,,,,,,,,,,,,,,,,,,,,,,,,,,,,,,,81.11111111,86.66666667,83.33333333,88.88888889,92.22222222,92.22222222,88.88888889,88.88888889,83.33333333,84.44444444,77.77777778,82.2222,82.2222,82.2222,82.2222,
Palau,PLW,Statistical Capacity score (Overall average),IQ.SCI.OVRL,,,,,,,,,,,,,,,,,,,,,,,,,,,,,,,,,,,,,,,,,,,,,,36.66666667,37.77777778,34.44444444,34.44444444,34.44444444,34.44444444,30,33.33333333,33.33333333,36.66666667,42.2222,48.88886667,45.55553333,45.55553333,
Papua New Guinea,PNG,Statistical Capacity score (Overall average),IQ.SCI.OVRL,,,,,,,,,,,,,,,,,,,,,,,,,,,,,,,,,,,,,,,,,,,,,46.66666667,48.88888889,52.22222222,47.77777778,44.44444444,48.88888889,41.11111111,37.77777778,37.77777778,37.77777778,46.66666667,45.55556667,50,43.33333333,59.99996667,
Poland,POL,Statistical Capacity score (Overall average),IQ.SCI.OVRL,,,,,,,,,,,,,,,,,,,,,,,,,,,,,,,,,,,,,,,,,,,,,83.33333333,86.66666667,86.66666667,86.66666667,86.66666667,86.66666667,85.55555556,82.22222222,82.22222222,84.44444444,78.88888889,85.55556667,77.7778,77.7778,76.66666667,
Pre-demographic dividend,PRE,Statistical Capacity score (Overall average),IQ.SCI.OVRL,,,,,,,,,,,,,,,,,,,,,,,,,,,,,,,,,,,,,,,,,,,,,51.07744101,52.25589222,52.90849667,53.88888882,53.39869284,54.24836618,56.40522892,57.25490186,57.58169902,57.63492063,57.06349206,58.66667905,59.14286857,59.07937238,60.66667714,
Puerto Rico,PRI,Statistical Capacity score (Overall average),IQ.SCI.OVRL,,,,,,,,,,,,,,,,,,,,,,,,,,,,,,,,,,,,,,,,,,,,,,,,,,,,,,,,,,,,
"Korea, Dem. People’s Rep.",PRK,Statistical Capacity score (Overall average),IQ.SCI.OVRL,,,,,,,,,,,,,,,,,,,,,,,,,,,,,,,,,,,,,,,,,,,,,,,,,,,,,,,,,,,,
Portugal,PRT,Statistical Capacity score (Overall average),IQ.SCI.OVRL,,,,,,,,,,,,,,,,,,,,,,,,,,,,,,,,,,,,,,,,,,,,,,,,,,,,,,,,,,,,
Paraguay,PRY,Statistical Capacity score (Overall average),IQ.SCI.OVRL,,,,,,,,,,,,,,,,,,,,,,,,,,,,,,,,,,,,,,,,,,,,,58.88888889,62.22222222,62.22222222,65.55555556,66.66666667,71.11111111,70,70,70,71.11111111,71.11111111,72.22223333,70.00003333,67.77776667,71.1111,
West Bank and Gaza,PSE,Statistical Capacity score (Overall average),IQ.SCI.OVRL,,,,,,,,,,,,,,,,,,,,,,,,,,,,,,,,,,,,,,,,,,,,,,,,,,40,42.22222222,67.77777778,74.44444444,83.33333333,82.22222222,80,70,80,66.66666667,
Pacific island small states,PSS,Statistical Capacity score (Overall average),IQ.SCI.OVRL,,,,,,,,,,,,,,,,,,,,,,,,,,,,,,,,,,,,,,,,,,,,,,,,,,,,,,,,,,,,
Post-demographic dividend,PST,Statistical Capacity score (Overall average),IQ.SCI.OVRL,,,,,,,,,,,,,,,,,,,,,,,,,,,,,,,,,,,,,,,,,,,,,,,,,,,,,,,,,,,,
French Polynesia,PYF,Statistical Capacity score (Overall average),IQ.SCI.OVRL,,,,,,,,,,,,,,,,,,,,,,,,,,,,,,,,,,,,,,,,,,,,,,,,,,,,,,,,,,,,
Qatar,QAT,Statistical Capacity score (Overall average),IQ.SCI.OVRL,,,,,,,,,,,,,,,,,,,,,,,,,,,,,,,,,,,,,,,,,,,,,,,,,,,,,,,,,,,,
Romania,ROU,Statistical Capacity score (Overall average),IQ.SCI.OVRL,,,,,,,,,,,,,,,,,,,,,,,,,,,,,,,,,,,,,,,,,,,,,88.88888889,93.33333333,96.66666667,96.66666667,96.66666667,95.55555556,95.55555556,95.55555556,92.22222222,86.66666667,87.77777778,82.22223333,77.7778,81.11113333,77.7778,
Russian Federation,RUS,Statistical Capacity score (Overall average),IQ.SCI.OVRL,,,,,,,,,,,,,,,,,,,,,,,,,,,,,,,,,,,,,,,,,,,,,75.55555556,87.77777778,76.66666667,83.33333333,83.33333333,84.44444444,87.77777778,90,82.22222222,82.22222222,84.44444444,81.11113333,81.11113333,83.33333333,82.22223333,
Rwanda,RWA,Statistical Capacity score (Overall average),IQ.SCI.OVRL,,,,,,,,,,,,,,,,,,,,,,,,,,,,,,,,,,,,,,,,,,,,,61.11111111,63.33333333,64.44444444,66.66666667,66.66666667,74.44444444,67.77777778,67.77777778,76.66666667,73.33333333,78.88888889,73.33336667,70.00003333,77.7778,78.8889,
South Asia,SAS,Statistical Capacity score (Overall average),IQ.SCI.OVRL,,,,,,,,,,,,,,,,,,,,,,,,,,,,,,,,,,,,,,,,,,,,,65.74074111,68.88888889,70.37037056,71.11111111,69.81481444,69.07407444,70,68.51851833,67.96296333,66.66666667,72.40740741,71.11112222,72.5926,74.07408333,76.11111667,
Saudi Arabia,SAU,Statistical Capacity score (Overall average),IQ.SCI.OVRL,,,,,,,,,,,,,,,,,,,,,,,,,,,,,,,,,,,,,,,,,,,,,,,,,,,,,,,,,,,,
Sudan,SDN,Statistical Capacity score (Overall average),IQ.SCI.OVRL,,,,,,,,,,,,,,,,,,,,,,,,,,,,,,,,,,,,,,,,,,,,,35.55555556,31.11111111,33.33333333,36.66666667,35.55555556,42.22222222,44.44444444,44.44444444,43.33333333,40,43.33333333,51.1111,63.33336667,66.66666667,65.55556667,
Senegal,SEN,Statistical Capacity score (Overall average),IQ.SCI.OVRL,,,,,,,,,,,,,,,,,,,,,,,,,,,,,,,,,,,,,,,,,,,,,78.88888889,76.66666667,73.33333333,77.77777778,72.22222222,70,73.33333333,66.66666667,63.33333333,71.11111111,73.33333333,75.55556667,75.55556667,76.66666667,85.55556667,
Singapore,SGP,Statistical Capacity score (Overall average),IQ.SCI.OVRL,,,,,,,,,,,,,,,,,,,,,,,,,,,,,,,,,,,,,,,,,,,,,,,,,,,,,,,,,,,,
Solomon Islands,SLB,Statistical Capacity score (Overall average),IQ.SCI.OVRL,,,,,,,,,,,,,,,,,,,,,,,,,,,,,,,,,,,,,,,,,,,,,,31.11111111,31.11111111,31.11111111,30,33.33333333,40,42.22222222,42.22222222,50,53.33333333,48.88886667,48.88886667,52.2222,58.8889,
Sierra Leone,SLE,Statistical Capacity score (Overall average),IQ.SCI.OVRL,,,,,,,,,,,,,,,,,,,,,,,,,,,,,,,,,,,,,,,,,,,,,30,40,43.33333333,47.77777778,46.66666667,52.22222222,52.22222222,48.88888889,54.44444444,58.88888889,58.88888889,63.33336667,63.33336667,58.8889,62.22223333,
El Salvador,SLV,Statistical Capacity score (Overall average),IQ.SCI.OVRL,,,,,,,,,,,,,,,,,,,,,,,,,,,,,,,,,,,,,,,,,,,,,74.44444333,74.44444444,74.44444444,74.44444444,77.77777778,84.44444444,91.11111111,87.77777778,91.11111111,91.11111111,91.11111111,91.11113333,92.22223333,92.22223333,88.8889,
San Marino,SMR,Statistical Capacity score (Overall average),IQ.SCI.OVRL,,,,,,,,,,,,,,,,,,,,,,,,,,,,,,,,,,,,,,,,,,,,,,,,,,,,,,,,,,,,
Somalia,SOM,Statistical Capacity score (Overall average),IQ.SCI.OVRL,,,,,,,,,,,,,,,,,,,,,,,,,,,,,,,,,,,,,,,,,,,,,22.22222222,22.22222222,23.33333333,26.66666667,23.33333333,24.44444444,26.66666667,23.33333333,26.66666667,24.44444444,20,20,20,23.33333333,30,
Serbia,SRB,Statistical Capacity score (Overall average),IQ.SCI.OVRL,,,,,,,,,,,,,,,,,,,,,,,,,,,,,,,,,,,,,,,,,,,,,53.33333333,62.22,64.44333333,68.88666667,68.88666667,75.55333333,75.55333333,83.33333333,83.33333333,91.11111111,92.33333333,90,90,93.33333333,86.66666667,
Sub-Saharan Africa (excluding high income),SSA,Statistical Capacity score (Overall average),IQ.SCI.OVRL,,,,,,,,,,,,,,,,,,,,,,,,,,,,,,,,,,,,,,,,,,,,,55.58201048,56.40211635,56.90476175,57.11640198,56.21693119,57.16931222,58.83597897,59.60317444,59.81481468,59.39276486,58.74677003,60.23256977,60.2584093,60.51680233,62.42894884,
South Sudan,SSD,Statistical Capacity score (Overall average),IQ.SCI.OVRL,,,,,,,,,,,,,,,,,,,,,,,,,,,,,,,,,,,,,,,,,,,,,,,,,,,,,,26.11111111,29.44444444,34.44446667,37.7778,43.33333333,37.77776667,
Sub-Saharan Africa,SSF,Statistical Capacity score (Overall average),IQ.SCI.OVRL,,,,,,,,,,,,,,,,,,,,,,,,,,,,,,,,,,,,,,,,,,,,,,,,,,,,,,,,,,,,
Small states,SST,Statistical Capacity score (Overall average),IQ.SCI.OVRL,,,,,,,,,,,,,,,,,,,,,,,,,,,,,,,,,,,,,,,,,,,,,62.33333333,62.66666633,59.19191909,57.67676788,57.57575727,57.17171697,60.90909091,62.32323212,59.9074075,59.44444444,59.16666667,58.33334167,59.82905897,56.83760256,58.63247949,
Sao Tome and Principe,STP,Statistical Capacity score (Overall average),IQ.SCI.OVRL,,,,,,,,,,,,,,,,,,,,,,,,,,,,,,,,,,,,,,,,,,,,,,51.11111111,51.11111111,60,60,65.55555556,61.11111111,61.11111111,63.33333333,70,68.88888889,65.55556667,60.00003333,70,73.33333333,
Suriname,SUR,Statistical Capacity score (Overall average),IQ.SCI.OVRL,,,,,,,,,,,,,,,,,,,,,,,,,,,,,,,,,,,,,,,,,,,,,,50,51.11111111,55.55555556,55.55555556,70,71.11111111,73.33333333,64.44444444,63.33333333,63.33333333,62.22226667,65.55556667,72.22223333,71.11113333,
Slovak Republic,SVK,Statistical Capacity score (Overall average),IQ.SCI.OVRL,,,,,,,,,,,,,,,,,,,,,,,,,,,,,,,,,,,,,,,,,,,,,88.88888889,85.55555556,84.44444444,84.44444444,85.55555556,83.33333333,83.33333333,83.33333333,83.33333333,86.66666667,83.33333333,86.66666667,83.33333333,56.66666667,54.44446667,
Slovenia,SVN,Statistical Capacity score (Overall average),IQ.SCI.OVRL,,,,,,,,,,,,,,,,,,,,,,,,,,,,,,,,,,,,,,,,,,,,,,,,,,,,,,,,,,,,
Sweden,SWE,Statistical Capacity score (Overall average),IQ.SCI.OVRL,,,,,,,,,,,,,,,,,,,,,,,,,,,,,,,,,,,,,,,,,,,,,,,,,,,,,,,,,,,,
Eswatini,SWZ,Statistical Capacity score (Overall average),IQ.SCI.OVRL,,,,,,,,,,,,,,,,,,,,,,,,,,,,,,,,,,,,,,,,,,,,,65.55555556,65.55555556,66.66666667,60,61.11111111,64.44444444,67.77777778,64.44444444,65.55555556,60,60,58.8889,55.55556667,58.8889,58.8889,
Sint Maarten (Dutch part),SXM,Statistical Capacity score (Overall average),IQ.SCI.OVRL,,,,,,,,,,,,,,,,,,,,,,,,,,,,,,,,,,,,,,,,,,,,,,,,,,,,,,,,,,,,
Seychelles,SYC,Statistical Capacity score (Overall average),IQ.SCI.OVRL,,,,,,,,,,,,,,,,,,,,,,,,,,,,,,,,,,,,,,,,,,,,,,61.11111111,61.11111111,64.44444444,65.55555556,65.55555556,58.88888889,56.66666667,63.33333333,65.55555556,62.22222222,65.55553333,69.99996667,78.88886667,75.55553333,
Syrian Arab Republic,SYR,Statistical Capacity score (Overall average),IQ.SCI.OVRL,,,,,,,,,,,,,,,,,,,,,,,,,,,,,,,,,,,,,,,,,,,,,57.77777778,61.11111111,61.11111111,56.66666667,62.22222222,54.44444444,56.66666667,60,52.22222222,43.33333333,44.44444444,47.77776667,37.7778,32.22223333,33.33333333,
Turks and Caicos Islands,TCA,Statistical Capacity score (Overall average),IQ.SCI.OVRL,,,,,,,,,,,,,,,,,,,,,,,,,,,,,,,,,,,,,,,,,,,,,,,,,,,,,,,,,,,,
Chad,TCD,Statistical Capacity score (Overall average),IQ.SCI.OVRL,,,,,,,,,,,,,,,,,,,,,,,,,,,,,,,,,,,,,,,,,,,,,60,61.11111111,61.11111111,52.22222222,51.11111111,53.33333333,56.66666667,54.44444444,64.44444444,63.33333333,63.33333333,65.5556,54.4445,48.8889,50,
East Asia & Pacific (IDA & IBRD countries),TEA,Statistical Capacity score (Overall average),IQ.SCI.OVRL,,,,,,,,,,,,,,,,,,,,,,,,,,,,,,,,,,,,,,,,,,,,,70.3030303,72.32323242,69.25925944,69.62962944,70.0925925,69.35185222,69.35185194,69.16666667,67.40740722,68.88888889,71.38888889,72.03703889,73.33333056,73.70369722,77.49999722,
Europe & Central Asia (IDA & IBRD countries),TEC,Statistical Capacity score (Overall average),IQ.SCI.OVRL,,,,,,,,,,,,,,,,,,,,,,,,,,,,,,,,,,,,,,,,,,,,,75.76719582,79.15333323,79.20629619,79.84116413,81.11100524,81.16391513,80.89936529,81.26984159,81.26984106,78.83838384,78.33838384,77.77778636,77.9293,79.04041061,78.05556212,
Togo,TGO,Statistical Capacity score (Overall average),IQ.SCI.OVRL,,,,,,,,,,,,,,,,,,,,,,,,,,,,,,,,,,,,,,,,,,,,,52.22222222,50,53.33333333,54.44444444,47.77777778,47.77777778,51.11111111,54.44444444,56.66666667,63.33333333,64.44444444,65.55556667,68.8889,70,72.22223333,
Thailand,THA,Statistical Capacity score (Overall average),IQ.SCI.OVRL,,,,,,,,,,,,,,,,,,,,,,,,,,,,,,,,,,,,,,,,,,,,,82.22222222,82.22222222,82.22222222,81.11111111,81.11111111,80,80,83.33333333,82.22222222,80,83.33333333,85.55556667,85.55556667,90,82.22223333,
Tajikistan,TJK,Statistical Capacity score (Overall average),IQ.SCI.OVRL,,,,,,,,,,,,,,,,,,,,,,,,,,,,,,,,,,,,,,,,,,,,,72.22222222,74.44444444,71.11111111,72.22222222,73.33333333,77.77777778,74.44444444,75.55555556,75.55555556,75.55555556,75.55555556,81.11113333,81.11113333,77.7778,76.66666667,
Turkmenistan,TKM,Statistical Capacity score (Overall average),IQ.SCI.OVRL,,,,,,,,,,,,,,,,,,,,,,,,,,,,,,,,,,,,,,,,,,,,,48.88888889,45.55555556,46.66666667,45.55555556,45.55555556,45.55555556,38.88888889,38.88888889,44.44444444,43.33333333,43.33333333,33.33333333,34.44443333,35.55553333,36.1111,
Latin America & the Caribbean (IDA & IBRD countries),TLA,Statistical Capacity score (Overall average),IQ.SCI.OVRL,,,,,,,,,,,,,,,,,,,,,,,,,,,,,,,,,,,,,,,,,,,,,75.97883619,75.87301603,75.29100556,76.77248683,76.71957667,77.77777762,78.67724873,78.46560825,76.82539667,76.45502646,77.88359788,79.15344921,78.73016508,75.71428889,75.60847143,
Timor-Leste,TLS,Statistical Capacity score (Overall average),IQ.SCI.OVRL,,,,,,,,,,,,,,,,,,,,,,,,,,,,,,,,,,,,,,,,,,,,,,32.22222222,32.22222222,35.55555556,42.22222222,45.55555556,55.55555556,52.22222222,46.66666667,53.33333333,64.44444444,62.22223333,66.66666667,64.44443333,71.11113333,
Middle East & North Africa (IDA & IBRD countries),TMN,Statistical Capacity score (Overall average),IQ.SCI.OVRL,,,,,,,,,,,,,,,,,,,,,,,,,,,,,,,,,,,,,,,,,,,,,57.77777788,63.63636364,64.44444455,65.05050515,66.06060576,64.04040364,62.97979818,63.73737394,62.72727303,61.61616162,61.71717172,63.03031818,61.41415455,59.2929303,59.24243333,
Tonga,TON,Statistical Capacity score (Overall average),IQ.SCI.OVRL,,,,,,,,,,,,,,,,,,,,,,,,,,,,,,,,,,,,,,,,,,,,,,53.33333333,52.22222222,56.66666667,57.77777778,58.88888889,58.88888889,58.88888889,58.88888889,46.66666667,50,47.77776667,52.2222,52.2222,55.55553333,
South Asia (IDA & IBRD),TSA,Statistical Capacity score (Overall average),IQ.SCI.OVRL,,,,,,,,,,,,,,,,,,,,,,,,,,,,,,,,,,,,,,,,,,,,,65.74074111,68.88888889,70.37037056,71.11111111,69.81481444,69.07407444,70,68.51851833,67.96296333,66.66666667,72.40740741,71.11112222,72.5926,74.07408333,76.11111667,
Sub-Saharan Africa (IDA & IBRD countries),TSS,Statistical Capacity score (Overall average),IQ.SCI.OVRL,,,,,,,,,,,,,,,,,,,,,,,,,,,,,,,,,,,,,,,,,,,,,55.58201048,56.40211635,56.90476175,57.11640198,56.21693119,57.16931222,58.83597897,59.60317444,59.81481468,59.39276486,58.74677003,60.23256977,60.2584093,60.51680233,62.42894884,
Trinidad and Tobago,TTO,Statistical Capacity score (Overall average),IQ.SCI.OVRL,,,,,,,,,,,,,,,,,,,,,,,,,,,,,,,,,,,,,,,,,,,,,63.33333333,71.11111111,73.33333333,75.55555556,75.55555556,67.77777778,71.11111111,71.11111111,67.77777778,70,62.22222222,56.66666667,61.1111,46.66666667,47.77776667,
Tunisia,TUN,Statistical Capacity score (Overall average),IQ.SCI.OVRL,,,,,,,,,,,,,,,,,,,,,,,,,,,,,,,,,,,,,,,,,,,,,72.22222222,77.77777778,76.66666667,76.66666667,74.44444444,76.66666667,78.88888889,77.77777778,74.44444444,73.33333333,72.22222222,76.66673333,76.6667,62.22223333,63.33336667,
Turkey,TUR,Statistical Capacity score (Overall average),IQ.SCI.OVRL,,,,,,,,,,,,,,,,,,,,,,,,,,,,,,,,,,,,,,,,,,,,,82.22222222,81.11111111,80,78.88888889,84.44444444,86.66666667,84.44444444,85.55555556,84.44444444,85.55555556,84.44444444,82.22223333,77.7778,85.55556667,76.6667,
Tuvalu,TUV,Statistical Capacity score (Overall average),IQ.SCI.OVRL,,,,,,,,,,,,,,,,,,,,,,,,,,,,,,,,,,,,,,,,,,,,,,,,,,,,,,30,33.33333333,37.77776667,39.99996667,38.88883333,45.5555,
Tanzania,TZA,Statistical Capacity score (Overall average),IQ.SCI.OVRL,,,,,,,,,,,,,,,,,,,,,,,,,,,,,,,,,,,,,,,,,,,,,67.77777778,63.33333333,61.11111111,61.11111111,65.55555556,63.33333333,67.77777778,72.22222222,72.22222222,72.22222222,72.22222222,75.5556,73.33336667,71.1111,71.1111,
Uganda,UGA,Statistical Capacity score (Overall average),IQ.SCI.OVRL,,,,,,,,,,,,,,,,,,,,,,,,,,,,,,,,,,,,,,,,,,,,,60,68.88888889,70,71.11111111,65.55555556,62.22222222,70,70,67.77777778,73.33333333,64.44444444,72.22226667,68.88893333,74.44446667,74.44446667,
Ukraine,UKR,Statistical Capacity score (Overall average),IQ.SCI.OVRL,,,,,,,,,,,,,,,,,,,,,,,,,,,,,,,,,,,,,,,,,,,,,83.33333333,86.66666667,87.77777778,84.44444444,84.44444444,87.77777778,87.77777778,88.88888889,92.22222222,91.11111111,91.11111111,91.1111,83.33333333,77.7778,77.7778,
Upper middle income,UMC,Statistical Capacity score (Overall average),IQ.SCI.OVRL,,,,,,,,,,,,,,,,,,,,,,,,,,,,,,,,,,,,,,,,,,,,,71.19241217,73.19777791,72.52029829,73.87528463,74.39018951,74.33598889,74.26823873,75.25745276,73.38624339,71.47286822,71.88888889,72.48062558,73.77261473,74.05684961,73.28165736,
Uruguay,URY,Statistical Capacity score (Overall average),IQ.SCI.OVRL,,,,,,,,,,,,,,,,,,,,,,,,,,,,,,,,,,,,,,,,,,,,,82.22222222,85.55555556,90,90,92.22222222,92.22222222,95.55555556,94.44444444,94.44444444,92.22222222,90,88.88886667,88.88886667,85.55553333,84.44446667,
United States,USA,Statistical Capacity score (Overall average),IQ.SCI.OVRL,,,,,,,,,,,,,,,,,,,,,,,,,,,,,,,,,,,,,,,,,,,,,,,,,,,,,,,,,,,,
Uzbekistan,UZB,Statistical Capacity score (Overall average),IQ.SCI.OVRL,,,,,,,,,,,,,,,,,,,,,,,,,,,,,,,,,,,,,,,,,,,,,57.77777778,60,57.77777778,57.77777778,61.11111111,57.77777778,61.11111111,61.11111111,57.77777778,57.77777778,54.44444444,51.11113333,48.88883333,51.1111,54.4,
St. Vincent and the Grenadines,VCT,Statistical Capacity score (Overall average),IQ.SCI.OVRL,,,,,,,,,,,,,,,,,,,,,,,,,,,,,,,,,,,,,,,,,,,,,,60,62.22222222,62.22222222,54.44444444,51.11111111,54.44444444,53.33333333,53.33333333,46.66666667,55.55555556,55.55556667,60,56.66666667,56.66666667,
"Venezuela, RB",VEN,Statistical Capacity score (Overall average),IQ.SCI.OVRL,,,,,,,,,,,,,,,,,,,,,,,,,,,,,,,,,,,,,,,,,,,,,80,82.22222222,82.22222222,86.66666667,90,86.66666667,83.33333333,78.88888889,77.77777778,80,81.11111111,82.22223333,82.22223333,68.8889,57.7778,
British Virgin Islands,VGB,Statistical Capacity score (Overall average),IQ.SCI.OVRL,,,,,,,,,,,,,,,,,,,,,,,,,,,,,,,,,,,,,,,,,,,,,,,,,,,,,,,,,,,,
Virgin Islands (U.S.),VIR,Statistical Capacity score (Overall average),IQ.SCI.OVRL,,,,,,,,,,,,,,,,,,,,,,,,,,,,,,,,,,,,,,,,,,,,,,,,,,,,,,,,,,,,
Vietnam,VNM,Statistical Capacity score (Overall average),IQ.SCI.OVRL,,,,,,,,,,,,,,,,,,,,,,,,,,,,,,,,,,,,,,,,,,,,,71.11111111,71.11111111,72.22222222,71.11111111,72.22222222,65.55555556,64.44444444,71.11111111,71.11111111,74.44444444,76.66666667,82.22223333,82.22223333,83.33333333,86.66666667,
Vanuatu,VUT,Statistical Capacity score (Overall average),IQ.SCI.OVRL,,,,,,,,,,,,,,,,,,,,,,,,,,,,,,,,,,,,,,,,,,,,,,44.44444444,51.11111111,48.88888889,58.88888889,56.66666667,42.22222222,53.33333333,47.77777778,43.33333333,43.33333333,45.55556667,50,52.2222,55.55553333,
World,WLD,Statistical Capacity score (Overall average),IQ.SCI.OVRL,,,,,,,,,,,,,,,,,,,,,,,,,,,,,,,,,,,,,,,,,,,,,,,,,,,,,,,,,,,,
Samoa,WSM,Statistical Capacity score (Overall average),IQ.SCI.OVRL,,,,,,,,,,,,,,,,,,,,,,,,,,,,,,,,,,,,,,,,,,,,,,55.55555556,52.22222222,50,51.11111111,53.33333333,48.88888889,48.88888889,51.11111111,53.33333333,53.33333333,53.33336667,54.44446667,57.7778,65.55556667,
Kosovo,XKX,Statistical Capacity score (Overall average),IQ.SCI.OVRL,,,,,,,,,,,,,,,,,,,,,,,,,,,,,,,,,,,,,,,,,,,,,,,,,,,,,,30,33.33333333,40,43.33333333,43.33333333,40,
"Yemen, Rep.",YEM,Statistical Capacity score (Overall average),IQ.SCI.OVRL,,,,,,,,,,,,,,,,,,,,,,,,,,,,,,,,,,,,,,,,,,,,,56.66666667,56.66666667,62.22222222,65.55555556,64.44444444,55.55555556,48.88888889,47.77777778,46.66666667,52.22222222,55.55555556,55.5556,47.77783333,44.44446667,37.77783333,
South Africa,ZAF,Statistical Capacity score (Overall average),IQ.SCI.OVRL,,,,,,,,,,,,,,,,,,,,,,,,,,,,,,,,,,,,,,,,,,,,,86.66666667,86.66666667,90,91.11111111,86.66666667,81.11111111,82.22222222,81.11111111,72.22222222,76.66666667,74.44444444,81.1111,82.22223333,75.55556667,82.22223333,
Zambia,ZMB,Statistical Capacity score (Overall average),IQ.SCI.OVRL,,,,,,,,,,,,,,,,,,,,,,,,,,,,,,,,,,,,,,,,,,,,,65.55555556,62.22222222,55.55555556,58.88888889,58.88888889,58.88888889,57.77777778,60,62.22222222,56.66666667,60,60.00003333,53.33336667,52.22223333,62.22223333,
Zimbabwe,ZWE,Statistical Capacity score (Overall average),IQ.SCI.OVRL,,,,,,,,,,,,,,,,,,,,,,,,,,,,,,,,,,,,,,,,,,,,,57.77777778,61.11111111,57.77777778,51.11111111,42.22222222,46.66666667,51.11111111,54.44444444,53.33333333,54.44444444,57.77777778,62.2222,55.55553333,59.99996667,66.66663333,
